number,patients,freq,mutation_code,revel,status
1215,1,0.0002326663564,A1215T,0.038,Case (31 Variants)
1241,1,0.0002326663564,A1241T,0.057,Control (20 Variants)
1589,1,0.0002326663564,A1589S,0.253,Case (31 Variants)
1812,1,0.0002326663564,A1812V,0.228,Control (20 Variants)
211,1,0.0002326663564,A211V,0.206,Case (31 Variants)
75,1,0.0002326663564,A75G/A4G,0.081,Other (6 Variants)
1031,1,0.0002326663564,C1031R/C46R,0.493,Case (31 Variants)
228,1,0.0002326663564,C228S,0.083,Case (31 Variants)
1429,1,0.0002326663564,D1429G,0.636,Control (20 Variants)
944,1,0.0002326663564,D944V,0.14,Case (31 Variants)
1011,1,0.0002326663564,E1011D,0.201,Control (20 Variants)
334,8,0.001861330852,E334K,0.194,Case and Control (30 Variants)
511,1,0.0002326663564,F511S,0.282,Case (31 Variants)
1663,1,0.0002326663564,G1663A,0.465,Control (20 Variants)
2019,423,0.09841786878,G2019S,0.97,Case and Control (30 Variants)
2385,1,0.0002326663564,G2385R/G318R,0.044,Case (31 Variants)
115,1,0.0002326663564,H115P,0.566,Control (20 Variants)
967,1,0.0002326663564,H967R,0.134,Case (31 Variants)
1371,1,0.0002326663564,I1371V,0.453,Case (31 Variants)
388,1,0.0002326663564,I388T,0.161,Case (31 Variants)
479,1,0.0002326663564,I479V,0.026,Case (31 Variants)
723,452,0.1051651931,I723V,0.045,Case and Control (30 Variants)
779,1,0.0002326663564,I779L,0.064,Control (20 Variants)
1468,1,0.0002326663564,K1468E,0.585,Control (20 Variants)
451,1,0.0002326663564,K451R,0.062,Case (31 Variants)
539,1,0.0002326663564,K539Q,0.019,Control (20 Variants)
657,1,0.0002326663564,K657I,0.163,Other (6 Variants)
119,11,0.002559329921,L119P,0.464,Case and Control (30 Variants)
1279,1,0.0002326663564,L1279S,0.078,Case (31 Variants)
1795,4,0.0009306654258,L1795F,0.638,Case and Control (30 Variants)
378,1,0.0002326663564,L378F,0.141,Control (20 Variants)
580,1,0.0002326663564,L580F,0.311,Control (20 Variants)
609,1,0.0002326663564,L609V,0.204,Case (31 Variants)
1646,144,0.03350395533,M1646T,0.184,Case and Control (30 Variants)
1869,2,0.0004653327129,M1869T,0.514,Case and Control (30 Variants)
2397,2742,0.6379711494,M2397T,0.098,Case and Control (30 Variants)
262,2,0.0004653327129,M262V,0.013,Case and Control (30 Variants)
724,1,0.0002326663564,M724V,0.29,Case (31 Variants)
2081,135,0.03140995812,N2081D,0.138,Case and Control (30 Variants)
551,413,0.09609120521,N551K,0.248,Case and Control (30 Variants)
59,3,0.0006979990693,N59K,0.066,Case and Control (30 Variants)
720,1,0.0002326663564,N720S,0.059,Control (20 Variants)
1262,2,0.0004653327129,P1262A,0.256,Control (20 Variants)
1542,155,0.03606328525,P1542S,0.228,Case and Control (30 Variants)
1661,1,0.0002326663564,P1661T,0.496,Control (20 Variants)
1865,1,0.0002326663564,P1865R,0.474,Case (31 Variants)
1111,2,0.0004653327129,Q1111H,0.219,Case and Control (30 Variants)
116,2,0.0004653327129,Q116R,0.059,Control (20 Variants)
1453,1,0.0002326663564,Q1453K,0.26,Control (20 Variants)
1648,2,0.0004653327129,Q1648R,0.629,Case and Control (30 Variants)
536,1,0.0002326663564,Q536P,0.252,Case (31 Variants)
923,1,0.0002326663564,Q923H,0.272,Case (31 Variants)
1325,4,0.0009306654258,R1325Q,0.516,Case and Control (30 Variants)
1334,1,0.0002326663564,R1334Q,0.669,Case (31 Variants)
1398,402,0.09353187529,R1398H,0.369,Case and Control (30 Variants)
1441,6,0.001395998139,R1441C,0.727,Case and Control (30 Variants)
1441,35,0.008143322476,R1441G,0.635,Case and Control (30 Variants)
1441,2,0.0004653327129,R1441H,0.635,Case and Control (30 Variants)
1477,1,0.0002326663564,R1477L,0.492,Case (31 Variants)
1514,53,0.01233131689,R1514Q,0.1,Case and Control (30 Variants)
1628,1,0.0002326663564,R1628C,0.451,Case (31 Variants)
1628,2,0.0004653327129,R1628P,0.546,Case (31 Variants)
1941,2,0.0004653327129,R1941H,0.24,Case (31 Variants)
2143,1,0.0002326663564,R2143H,0.277,Control (20 Variants)
2477,3,0.0006979990693,R2477W,0.099,Case and Control (30 Variants)
506,1,0.0002326663564,R506Q,0.071,Case (31 Variants)
50,3074,0.7152163797,R50H,0.029,Case and Control (30 Variants)
521,4,0.0009306654258,R521G,0.102,Case and Control (30 Variants)
637,1,0.0002326663564,R637Q,0.241,Case (31 Variants)
767,2,0.0004653327129,R767C,0.262,Control (20 Variants)
793,3,0.0006979990693,R793M,0.305,Control (20 Variants)
924,1,0.0002326663564,R924C,0.192,Other (6 Variants)
1096,1,0.0002326663564,S1096C,0.204,Other (6 Variants)
1228,2,0.0004653327129,S1228T,0.307,Case and Control (30 Variants)
1627,3,0.0006979990693,S1627T,0.043,Case and Control (30 Variants)
1647,1749,0.4069334574,S1647T,0.086,Case and Control (30 Variants)
865,4,0.0009306654258,S865F,0.149,Case and Control (30 Variants)
958,1,0.0002326663564,S958L,0.091,Case (31 Variants)
1410,3,0.0006979990693,T1410M,0.466,Case and Control (30 Variants)
149,1,0.0002326663564,T149S,0.092,Other (6 Variants)
358,2,0.0004653327129,T358M,0.023,Other (6 Variants)
776,1,0.0002326663564,T776M,0.046,Case (31 Variants)
1330,1,0.0002326663564,V1330M,0.389,Case (31 Variants)
1389,1,0.0002326663564,V1389I,0.198,Case (31 Variants)
1450,1,0.0002326663564,V1450I,0.19,Control (20 Variants)
1666,2,0.0004653327129,Y1666H,0.121,Case and Control (30 Variants)
2189,1,0.0002326663564,Y2189C,0.394,Case (31 Variants)