Variant,AA Num,New,Polarity,Isoelectric Point,Equilibrium Constant,Molecular Weight,Bulkiness,Buriedness,Solvent-Accessible Reduction Ratio,Combined Surrounding Hydrophobicity,Volume,Shape,Flexibility
A1215T,1215,T,1.66,5.66,2.1,119,15.77,0.23,2.6,12.7,3,1,1
A1241T,1241,T,1.66,5.66,2.1,119,15.77,0.23,2.6,12.7,3,1,1
A1589S,1589,S,1.67,5.68,2.21,105,9.47,0.23,2.43,13.39,2,0,1
A1812V,1812,V,0.13,5.96,2.32,117,21.57,0.48,7.14,14.56,3,1,1
A204G,204,G,0,5.97,2.34,75,3.4,0.38,3.13,13.34,0,0,0
A211V,211,V,0.13,5.96,2.32,117,21.57,0.48,7.14,14.56,3,1,1
A75G,75,G,0,5.97,2.34,75,3.4,0.38,3.13,13.34,0,0,0
C1031R,1031,R,52,10.76,1.81,174,14.28,0.07,2.53,13.1,7,5,5
C228S,228,S,1.67,5.68,2.21,105,9.47,0.23,2.43,13.39,2,0,1
D1429G,1429,G,0,5.97,2.34,75,3.4,0.38,3.13,13.34,0,0,0
D944V,944,V,0.13,5.96,2.32,117,21.57,0.48,7.14,14.56,3,1,1
E1011D,1011,D,49.7,2.77,2.01,133,11.68,0.14,2.6,11.61,4,2,2
E334K,334,K,49.5,9.74,2.18,146,15.71,0.04,1.79,11.58,5,0,4
F511S,511,S,1.67,5.68,2.21,105,9.47,0.23,2.43,13.39,2,0,1
G1663A,1663,A,0,6,2.34,89,11.5,0.38,3.7,13.85,1,0,0
G2019S,2019,S,1.67,5.68,2.21,105,9.47,0.23,2.43,13.39,2,0,1
G2385R,2385,R,52,10.76,1.81,174,14.28,0.07,2.53,13.1,7,5,5
H115P,115,P,1.58,6.3,1.99,115,17.43,0.18,2.12,12.35,3,0,0
H967R,967,R,52,10.76,1.81,174,14.28,0.07,2.53,13.1,7,5,5
I1371V,1371,V,0.13,5.96,2.32,117,21.57,0.48,7.14,14.56,3,1,1
I388T,388,T,1.66,5.66,2.1,119,15.77,0.23,2.6,12.7,3,1,1
I479V,479,V,0.13,5.96,2.32,117,21.57,0.48,7.14,14.56,3,1,1
I723V,723,V,0.13,5.96,2.32,117,21.57,0.48,7.14,14.56,3,1,1
I779L,779,L,0.13,5.98,2.36,131,21.4,0.5,5.88,14.13,4,2,2
K1468E,1468,E,49.9,5.22,2.19,147,13.57,0.09,3.3,11.38,5,3,3
K451R,451,R,52,10.76,1.81,174,14.28,0.07,2.53,13.1,7,5,5
K539Q,539,Q,3.53,5.65,2.17,146,14.45,0.11,2.7,12.61,5,3,3
K657I,657,I,0.1,6.02,1.36,131,21.4,0.56,7.69,15.28,4,1,2
L119P,119,P,1.58,6.3,1.99,115,17.43,0.18,2.12,12.35,3,0,0
L1279S,1279,S,1.67,5.68,2.21,105,9.47,0.23,2.43,13.39,2,0,1
L1795F,1795,F,0.35,5.48,1.89,165,19.8,0.51,6.6,13.93,7,2,2
L378F,378,F,0.35,5.48,1.89,165,19.8,0.51,6.6,13.93,7,2,2
L580F,580,F,0.35,5.48,1.89,165,19.8,0.51,6.6,13.93,7,2,2
L609V,609,V,0.13,5.96,2.32,117,21.57,0.48,7.14,14.56,3,1,1
M1646T,1646,T,1.66,5.66,2.1,119,15.77,0.23,2.6,12.7,3,1,1
M1869T,1869,T,1.66,5.66,2.1,119,15.77,0.23,2.6,12.7,3,1,1
M2397T,2397,T,1.66,5.66,2.1,119,15.77,0.23,2.6,12.7,3,1,1
M262V,262,V,0.13,5.96,2.32,117,21.57,0.48,7.14,14.56,3,1,1
M724V,724,V,0.13,5.96,2.32,117,21.57,0.48,7.14,14.56,3,1,1
N2081D,2081,D,49.7,2.77,2.01,133,11.68,0.14,2.6,11.61,4,2,2
N551K,551,K,49.5,9.74,2.18,146,15.71,0.04,1.79,11.58,5,0,4
N59K,59,K,49.5,9.74,2.18,146,15.71,0.04,1.79,11.58,5,0,4
N720S,720,S,1.67,5.68,2.21,105,9.47,0.23,2.43,13.39,2,0,1
P1262A,1262,A,0,6,2.34,89,11.5,0.38,3.7,13.85,1,0,0
P1542S,1542,S,1.67,5.68,2.21,105,9.47,0.23,2.43,13.39,2,0,1
P1661T,1661,T,1.66,5.66,2.1,119,15.77,0.23,2.6,12.7,3,1,1
P1865R,1865,R,52,10.76,1.81,174,14.28,0.07,2.53,13.1,7,5,5
Q1111H,1111,H,51.6,7.59,1.82,155,13.67,0.31,3.57,13.82,6,2,2
Q116R,116,R,52,10.76,1.81,174,14.28,0.07,2.53,13.1,7,5,5
Q1453K,1453,K,49.5,9.74,2.18,146,15.71,0.04,1.79,11.58,5,0,4
Q1648R,1648,R,52,10.76,1.81,174,14.28,0.07,2.53,13.1,7,5,5
Q536P,536,P,1.58,6.3,1.99,115,17.43,0.18,2.12,12.35,3,0,0
Q923H,923,H,51.6,7.59,1.82,155,13.67,0.31,3.57,13.82,6,2,2
R1325Q,1325,Q,3.53,5.65,2.17,146,14.45,0.11,2.7,12.61,5,3,3
R1334Q,1334,Q,3.53,5.65,2.17,146,14.45,0.11,2.7,12.61,5,3,3
R1398H,1398,H,51.6,7.59,1.82,155,13.67,0.31,3.57,13.82,6,2,2
R1441C,1441,C,1.48,5.05,1.65,121,13.46,0.57,3.03,15.37,2,0,1
R1441G,1441,G,0,5.97,2.34,75,3.4,0.38,3.13,13.34,0,0,0
R1441H,1441,H,51.6,7.59,1.82,155,13.67,0.31,3.57,13.82,6,2,2
R1477L,1477,L,0.13,5.98,2.36,131,21.4,0.5,5.88,14.13,4,2,2
R1514Q,1514,Q,3.53,5.65,2.17,146,14.45,0.11,2.7,12.61,5,3,3
R1628C,1628,C,1.48,5.05,1.65,121,13.46,0.57,3.03,15.37,2,0,1
R1628P,1628,P,1.58,6.3,1.99,115,17.43,0.18,2.12,12.35,3,0,0
R1941H,1941,H,51.6,7.59,1.82,155,13.67,0.31,3.57,13.82,6,2,2
R2143H,2143,H,51.6,7.59,1.82,155,13.67,0.31,3.57,13.82,6,2,2
R2477W,2477,W,2.1,5.89,2.38,204,21.61,0.4,6.25,15.48,10,2,2
R506Q,506,Q,3.53,5.65,2.17,146,14.45,0.11,2.7,12.61,5,3,3
R50H,50,H,51.6,7.59,1.82,155,13.67,0.31,3.57,13.82,6,2,2
R521G,521,G,0,5.97,2.34,75,3.4,0.38,3.13,13.34,0,0,0
R637Q,637,Q,3.53,5.65,2.17,146,14.45,0.11,2.7,12.61,5,3,3
R767C,767,C,1.48,5.05,1.65,121,13.46,0.57,3.03,15.37,2,0,1
R793M,793,M,1.43,5.74,2.28,149,16.25,0.42,5.21,13.86,4,0,3
R924C,924,C,1.48,5.05,1.65,121,13.46,0.57,3.03,15.37,2,0,1
S1096C,1096,C,1.48,5.05,1.65,121,13.46,0.57,3.03,15.37,2,0,1
S1228T,1228,T,1.66,5.66,2.1,119,15.77,0.23,2.6,12.7,3,1,1
S1627T,1627,T,1.66,5.66,2.1,119,15.77,0.23,2.6,12.7,3,1,1
S1647T,1647,T,1.66,5.66,2.1,119,15.77,0.23,2.6,12.7,3,1,1
S865F,865,F,0.35,5.48,1.89,165,19.8,0.51,6.6,13.93,7,2,2
S958L,958,L,0.13,5.98,2.36,131,21.4,0.5,5.88,14.13,4,2,2
T1410M,1410,M,1.43,5.74,2.28,149,16.25,0.42,5.21,13.86,4,0,3
T149S,149,S,1.67,5.68,2.21,105,9.47,0.23,2.43,13.39,2,0,1
T358M,358,M,1.43,5.74,2.28,149,16.25,0.42,5.21,13.86,4,0,3
T776M,776,M,1.43,5.74,2.28,149,16.25,0.42,5.21,13.86,4,0,3
V1330M,1330,M,1.43,5.74,2.28,149,16.25,0.42,5.21,13.86,4,0,3
V1389I,1389,I,0.1,6.02,1.36,131,21.4,0.56,7.69,15.28,4,1,2
V1450I,1450,I,0.1,6.02,1.36,131,21.4,0.56,7.69,15.28,4,1,2
Y1666H,1666,H,51.6,7.59,1.82,155,13.67,0.31,3.57,13.82,6,2,2
Y2189C,2189,C,1.48,5.05,1.65,121,13.46,0.57,3.03,15.37,2,0,1