AA #,REVEL score,pop freq. GnomAD,,,,
2,0.154,0.000007069,,1262,,p.Arg1262Gln
2.1,0.144,0.000014139,,1262,,p.Arg1262Leu
4,0.048,0.000049485,,1265,,p.Pro1265Ser
8,0.047,0.000014139,,1266,,p.Leu1266Pro
9,0.053,0.000141387,,215,,p.Asn215Asp
10,0.083,0.000007069,,216,,p.Ser216Ala
10.1,0.055,0.000014139,,217,,p.Leu217Val
13,0.1,0.000014139,,217,,p.Leu217Pro
15,0.049,0.000042416,,220,,p.Lys220Glu
17,0.048,0.000007069,,429,"0.113, 0.101",p.Asn429Thr
24,0.029,0.000007069,,,,
26,0.054,0.000021208,,,,
27,0.167,0.000021208,,,,
32,0.035,0.000014139,,,,
34,0.152,0.000007069,,,,
35,0.01,0.000007069,,,,
37,0.26,0.000014139,,,,
39,0.133,0.000007069,,,,
44,0.119,0.000007069,,,,
46,0.065,0.000014139,,,,
49,0.081,0.000049485,,,,
49.1,0.068,0.000007069,,,,
50,0.029,0.000007069,,,,
52,0.154,0.997497455,,,,
53,0.024,0.000056555,,,,
57,0.206,0.000042416,,,,
59,0.066,0.000007069,,,,
61,0.241,0.000190872,,,,
67,0.133,0.000077763,,,,
81,0.341,0.000014139,,,,
89,0.063,0.000007069,,,,
89.1,0.123,0.000007069,,,,
91,0.107,0.000014139,,,,
91.1,0.062,0.000007069,,,,
95,0.113,0.000007069,,,,
95.1,0.073,0.000007069,,,,
96,0.041,0.000007069,,,,
102,0.176,0.000014139,,,,
103,0.123,0.000007069,,,,
104,0.144,0.000007069,,,,
104.1,0.073,0.000007069,,,,
105,0.06,0.000014139,,,,
107,0.053,0.000007069,,,,
111,0.206,0.000148456,,,,
111.1,0.137,0.000007069,,,,
111.2,0.157,0.000007069,,,,
112,0.167,0.000007069,,,,
113,0.154,0.000197941,,,,
113.1,0.13,0.000007069,,,,
115,0.566,0.000007069,,,,
115.1,0.308,0.000035347,,,,
116,0.059,0.000014139,,,,
119,0.464,0.000007069,,,,
123,0.055,0.000077763,,,,
125,0.289,0.000544339,,,,
125.1,0.391,0.000007069,,,,
128,0.044,0.000579686,,,,
128.1,0.047,0.002509614,,,,
130,0.078,0.000007069,,,,
132,0.068,0.000007069,,,,
133,0.029,0.000014139,,,,
133.1,0.082,0.000063624,,,,
134,0.038,0.000007069,,,,
135,0.432,0.000007069,,,,
138,0.128,0.000035347,,,,
141,0.215,0.000007069,,,,
146,0.101,0.000007069,,,,
149,0.086,0.000007069,,,,
153,0.277,0.000007069,,,,
153.1,0.228,0.000007069,,,,
154,0.226,0.000127248,,,,
156,0.067,0.000007069,,,,
158,0.292,0.000070693,,,,
160,0.145,0.000056555,,,,
161,0.051,0.000007069,,,,
161.1,0.051,0.000007069,,,,
161.2,0.043,0.000007069,,,,
161.3,0.029,0.000007069,,,,
163,0.457,0.000028277,,,,
165,0.086,0.000014139,,,,
167,0.304,0.000007069,,,,
167.1,0.223,0.000007069,,,,
168,0.083,0.000042416,,,,
170,0.086,0.000007069,,,,
171,0.024,0.000007069,,,,
173,0.054,0.000007069,,,,
175,0.269,0.000007069,,,,
176,0.157,0.000007069,,,,
180,0.316,0.000021208,,,,
180.1,0.109,0.000007069,,,,
182,0.024,0.000007069,,,,
188,0.329,0.000021208,,,,
188.1,0.224,0.000028277,,,,
189,0.089,0.000007069,,,,
191,0.133,0.000070693,,,,
192,0.077,0.000007069,,,,
193,0.162,0.000106040,,,,
196,0.302,0.000021208,,,,
196.1,0.352,0.000007069,,,,
197,0.044,0.000007069,,,,
200,0.063,0.000007069,,,,
202,0.037,0.000007069,,,,
203,0.108,0.000106040,,,,
204,0.347,0.000007069,,,,
204.1,0.337,0.000021208,,,,
205,0.14,0.000007069,,,,
206,0.082,0.000014139,,,,
207,0.045,0.000007069,,,,
208,0.181,0.000007069,,,,
210,0.052,0.000007069,,,,
211,0.221,0.000007069,,,,
211.1,0.206,0.000028277,,,,
213,0.03,0.000007069,,,,
214,0.049,0.000035347,,,,
224,0.089,0.000007069,,,,
225,0.059,0.000007069,,,,
227,0.112,0.000346397,,,,
228,0.083,0.000007069,,,,
231,0.13,0.000007069,,,,
231.1,0.175,0.000007069,,,,
233,0.292,0.000007069,,,,
233.1,0.16,0.000007069,,,,
238,0.315,0.000176733,,,,
240,0.353,0.000070693,,,,
241,0.149,0.000014139,,,,
243,0.186,0.000007069,,,,
243.1,0.237,0.000063624,,,,
245,0.213,0.000035347,,,,
245.1,0.392,0.000007069,,,,
246,0.214,0.000014139,,,,
246.1,0.161,0.000014139,,,,
247,0.266,0.000007069,,,,
250,0.356,0.000007069,,,,
250.1,0.476,0.000007069,,,,
253,0.196,0.000784696,,,,
254,0.203,0.000007069,,,,
255,0.122,0.000007069,,,,
257,0.243,0.000007069,,,,
259,0.062,0.000007069,,,,
259.1,0.13,0.000014139,,,,
260,0.273,0.000007069,,,,
261,0.148,0.000028277,,,,
262,0.013,0.000007069,,,,
262.1,0.027,0.000028277,,,,
262.2,0.006,0.000007069,,,,
264,0.182,0.000021208,,,,
265,0.061,0.000007069,,,,
266,0.33,0.000148456,,,,
268,0.229,0.000007069,,,,
268.1,0.3,0.000014139,,,,
269,0.144,0.000007069,,,,
272,0.122,0.000007069,,,,
273,0.204,0.000021208,,,,
274,0.223,0.000007069,,,,
275,0.194,0.000014139,,,,
281,0.087,0.000007069,,,,
284,0.151,0.000007069,,,,
284.1,0.222,0.000007069,,,,
285,0.139,0.000007069,,,,
286,0.173,0.000014139,,,,
287,0.401,0.000007069,,,,
290,0.152,0.000007069,,,,
291,0.234,0.000014139,,,,
294,0.202,0.000007069,,,,
296,0.157,0.000303981,,,,
299,0.053,0.000007069,,,,
300,0.038,0.000028277,,,,
301,0.052,0.000014139,,,,
303,0.072,0.000007069,,,,
308,0.219,0.000028277,,,,
312,0.223,0.000007069,,,,
313,0.19,0.000007069,,,,
318,0.112,0.000007069,,,,
321,0.177,0.000007069,,,,
323,0.188,0.000007069,,,,
324,0.134,0.000035347,,,,
329,0.093,0.000007069,,,,
332,0.017,0.000007069,,,,
334,0.194,0.000042416,,,,
340,0.074,0.000007069,,,,
349,0.538,0.000007069,,,,
352,0.069,0.000007069,,,,
353,0.213,0.000014139,,,,
355,0.02,0.000000000,,,,
356,0.205,0.000007069,,,,
356.1,0.13,0.000007069,,,,
358,0.023,0.000007069,,,,
359,0.075,0.000056555,,,,
359.1,0.091,0.000084832,,,,
360,0.19,0.000014139,,,,
363,0.02,0.000007069,,,,
364,0.056,0.000190872,,,,
365,0.06,0.000007069,,,,
366,0.165,0.000049485,,,,
366.1,0.122,0.000007069,,,,
367,0.218,0.000007069,,,,
369,0.186,0.000014139,,,,
370,0.186,0.000007069,,,,
373,0.057,0.000035347,,,,
375,0.128,0.000007069,,,,
378,0.141,0.000007069,,,,
379,0.133,0.000007069,,,,
381,0.059,0.000021208,,,,
383,0.017,0.000289843,,,,
385,0.116,0.000021208,,,,
385.1,0.107,0.000028277,,,,
388,0.161,0.000035347,,,,
389,0.175,0.000014139,,,,
394,0.054,0.000007069,,,,
398,0.205,0.000007069,,,,
398.1,0.335,0.000014139,,,,
399,0.099,0.000007069,,,,
401,0.079,0.000028277,,,,
405,0.323,0.000021208,,,,
408,0.271,0.000007069,,,,
410,0.129,0.000014139,,,,
412,0.085,0.000007069,,,,
412.1,0.083,0.000007069,,,,
419,0.175,0.000028277,,,,
423,0.167,0.000007069,,,,
430,0.065,0.000021208,,,,
434,0.076,0.000007069,,,,
435,0.139,0.000007069,,,,
437,0.272,0.000035347,,,,
438,0.161,0.000968499,,,,
438.1,0.154,0.000007069,,,,
442,0.063,0.000007069,,,,
442.1,0.075,0.000007069,,,,
449,0.206,0.000007069,,,,
451,0.035,0.000007069,,,,
452,0.373,0.000007069,,,,
452.1,0.304,0.000007069,,,,
453,0.011,0.000007069,,,,
454,0.059,0.000007069,,,,
456,0.123,0.000014139,,,,
468,0.153,0.000014139,,,,
473,0.188,0.000021208,,,,
479,0.026,0.000007069,,,,
480,0.104,0.000098971,,,,
481,0.027,0.000007069,,,,
483,0.104,0.000007069,,,,
483.1,0.212,0.000007069,,,,
484,0.073,0.000014139,,,,
485,0.113,0.000021208,,,,
485.1,0.172,0.000028277,,,,
487,0.215,0.000028277,,,,
490,0.063,0.000007069,,,,
491,0.116,0.000007069,,,,
492,0.1,0.000007069,,,,
493,0.013,0.000007069,,,,
493.1,0.006,0.000007069,,,,
494,0.219,0.000007069,,,,
498,0.089,0.000007069,,,,
500,0.156,0.000007069,,,,
501,0.175,0.000014139,,,,
504,0.12,0.000007069,,,,
504.1,0.171,0.000007069,,,,
506,0.071,0.000007069,,,,
507,0.08,0.000007069,,,,
510,0.214,0.000091901,,,,
511,0.244,0.000035347,,,,
512,0.019,0.000148456,,,,
513,0.027,0.000014139,,,,
516,0.041,0.000007069,,,,
518,0.138,0.000028277,,,,
521,0.102,0.000014139,,,,
522,0.05,0.000007069,,,,
523,0.07,0.000014139,,,,
527,0.059,0.000035347,,,,
529,0.044,0.000190872,,,,
532,0.044,0.000007069,,,,
532.1,0.049,0.000007069,,,,
533,0.039,0.000353467,,,,
533.1,0.112,0.000007069,,,,
535,0.043,0.000007069,,,,
536,0.158,0.000176733,,,,
536.1,0.252,0.000014139,,,,
536.2,0.192,0.000374675,,,,
539,0.019,0.000007069,,,,
539.1,0.016,0.000007069,,,,
541,0.076,0.000007069,,,,
544,0.288,0.000014139,,,,
549,0.164,0.000007069,,,,
551,0.247,0.000007069,,,,
551.1,0.248,0.000007069,,,,
552,0.182,0.000021208,,,,
553,0.575,0.000014139,,,,
554,0.077,0.000014139,,,,
554.1,0.165,0.000007069,,,,
554.2,0.173,0.000007069,,,,
557,0.393,0.000007069,,,,
567,0.225,0.000113109,,,,
570,0.024,0.000007069,,,,
571,0.037,0.000021208,,,,
572,0.026,0.000014139,,,,
573,0.132,0.000014139,,,,
574,0.109,0.000007069,,,,
575,0.152,0.165040719,,,,
575.1,0.073,0.000007069,,,,
576,0.323,0.000007069,,,,
580,0.311,0.000007069,,,,
581,0.025,0.000007069,,,,
584,0.421,0.000007069,,,,
586,0.096,0.000007069,,,,
588,0.039,0.000007069,,,,
591,0.179,0.000007069,,,,
592,0.286,0.000007069,,,,
595,0.123,0.000028277,,,,
597,0.574,0.000028277,,,,
602,0.143,0.000007069,,,,
602.1,0.476,0.000007069,,,,
606,0.737,0.000007069,,,,
606.1,0.839,0.000007069,,,,
608,0.278,0.001017984,,,,
608.1,0.289,0.000028277,,,,
609,0.204,0.000014139,,,,
610,0.124,0.000007069,,,,
611,0.126,0.000007069,,,,
612,0.038,0.000007069,,,,
614,0.109,0.000021208,,,,
616,0.264,0.000007069,,,,
617,0.24,0.000014139,,,,
618,0.067,0.000007069,,,,
619,0.054,0.000007069,,,,
620,0.081,0.000014139,,,,
624,0.121,0.000021208,,,,
625,0.243,0.000028277,,,,
630,0.239,0.000007069,,,,
633,0.308,0.000106040,,,,
637,0.241,0.000049485,,,,
638,0.576,0.000007069,,,,
640,0.214,0.000014139,,,,
643,0.13,0.000007069,,,,
646,0.034,0.000007069,,,,
650,0.143,0.000014139,,,,
653,0.126,0.000014139,,,,
654,0.039,0.000127248,,,,
654.1,0.116,0.000007069,,,,
656,0.185,0.000070693,,,,
657,0.067,0.000169664,,,,
657.1,0.163,0.000007069,,,,
663,0.091,0.000007069,,,,
666,0.495,0.000021208,,,,
668,0.046,0.000007069,,,,
668.1,0.176,0.000007069,,,,
672,0.182,0.000007069,,,,
675,0.087,0.000007069,,,,
675.1,0.057,0.000007069,,,,
676,0.722,0.000014139,,,,
677,0.112,0.000007069,,,,
678,0.254,0.000014139,,,,
680,0.336,0.000007069,,,,
681,0.198,0.000007069,,,,
682,0.026,0.000007069,,,,
682.1,0.021,0.000049485,,,,
683,0.076,0.000007069,,,,
685,0.231,0.000028277,,,,
686,0.046,0.000007069,,,,
687,0.188,0.000007069,,,,
688,0.206,0.000007069,,,,
691,0.351,0.000042416,,,,
694,0.543,0.000007069,,,,
695,0.612,0.000007069,,,,
695.1,0.438,0.000014139,,,,
696,0.625,0.000007069,,,,
697,0.053,0.000007069,,,,
702,0.103,0.000007069,,,,
704,0.044,0.000098971,,,,
704.1,0.074,0.000007069,,,,
705,0.233,0.000021208,,,,
708,0.243,0.000007069,,,,
708.1,0.413,0.000007069,,,,
709,0.209,0.000007069,,,,
711,0.02,0.000049485,,,,
713,0.393,0.000007069,,,,
714,0.182,0.000007069,,,,
716,0.222,0.000007069,,,,
720,0.059,0.000007069,,,,
721,0.081,0.000007069,,,,
722,0.2,0.000007069,,,,
722.1,0.098,0.000014139,,,,
723,0.045,0.000007069,,,,
723.1,0.242,0.000007069,,,,
724,0.459,0.000007069,,,,
724.1,0.192,0.000035347,,,,
724.2,0.193,0.000042416,,,,
725,0.091,0.000007069,,,,
730,0.232,0.000007069,,,,
734,0.347,0.000007069,,,,
736,0.128,0.000007069,,,,
738,0.054,0.000035347,,,,
741,0.032,0.000028277,,,,
747,0.174,0.000007069,,,,
748,0.099,0.000014139,,,,
750,0.263,0.108528447,,,,
753,0.127,0.000014139,,,,
754,0.206,0.000014139,,,,
755,0.119,0.000007069,,,,
755.1,0.173,0.000007069,,,,
756,0.13,0.000007069,,,,
761,0.452,0.000049485,,,,
764,0.01,0.000014139,,,,
765,0.57,0.000007069,,,,
766,0.014,0.000007069,,,,
766.1,0.063,0.000007069,,,,
767,0.276,0.000007069,,,,
767.1,0.157,0.000007069,,,,
771,0.074,0.000007069,,,,
771.1,0.171,0.000007069,,,,
774,0.226,0.000042416,,,,
776,0.046,0.000014139,,,,
779,0.064,0.001399729,,,,
779.1,0.214,0.000007069,,,,
780,0.068,0.000007069,,,,
783,0.272,0.000007069,,,,
784,0.201,0.000007069,,,,
786,0.095,0.000007069,,,,
788,0.194,0.000007069,,,,
790,0.255,0.000113109,,,,
792,0.023,0.000063624,,,,
793,0.113,0.000028277,,,,
793.1,0.305,0.000070693,,,,
795,0.119,0.000028277,,,,
797,0.709,0.000014139,,,,
799,0.056,0.000007069,,,,
802,0.224,0.000007069,,,,
802.1,0.271,0.000007069,,,,
804,0.571,0.000007069,,,,
804.1,0.468,0.000134317,,,,
805,0.458,0.000106040,,,,
809,0.142,0.000007069,,,,
809.1,0.149,0.000049485,,,,
810,0.007,0.000014139,,,,
810.1,0.131,0.000007069,,,,
811,0.402,0.002106662,,,,
812,0.045,0.000014139,,,,
818,0.678,0.000007069,,,,
820,0.417,0.000007069,,,,
820.1,0.406,0.000007069,,,,
827,0.082,0.000007069,,,,
833,0.116,0.000007069,,,,
834,0.03,0.000007069,,,,
835,0.016,0.000007069,,,,
836,0.068,0.000014139,,,,
840,0.225,0.000007069,,,,
842,0.206,0.000007069,,,,
847,0.265,0.000007069,,,,
848,0.193,0.000007069,,,,
848.1,0.239,0.000007069,,,,
849,0.027,0.000007069,,,,
849.1,0.058,0.000014139,,,,
851,0.03,0.000007069,,,,
854,0.026,0.000021208,,,,
859,0.019,0.000014139,,,,
860,0.062,0.000007069,,,,
861,0.041,0.000007069,,,,
861.1,0.046,0.000007069,,,,
862,0.055,0.000007069,,,,
865,0.042,0.000014139,,,,
865.1,0.149,0.000007069,,,,
866,0.181,0.000014139,,,,
868,0.02,0.000014139,,,,
871,0.214,0.000007069,,,,
876,0.126,0.000007069,,,,
880,0.227,0.000007069,,,,
883,0.072,0.000120179,,,,
883.1,0.042,0.000014139,,,,
884,0.408,0.000028277,,,,
884.1,0.237,0.000035347,,,,
885,0.028,0.000007069,,,,
885.1,0.025,0.000007069,,,,
894,0.364,0.000091901,,,,
899,0.702,0.000593824,,,,
901,0.066,0.000007069,,,,
901.1,0.103,0.000035347,,,,
903,0.113,0.000035347,,,,
904,0.099,0.000007069,,,,
905,0.192,0.000007069,,,,
907,0.15,0.000007069,,,,
911,0.058,0.000007069,,,,
913,0.131,0.000007069,,,,
918,0.027,0.000007069,,,,
919,0.117,0.000007069,,,,
920,0.017,0.000007069,,,,
921,0.044,0.000007069,,,,
923,0.272,0.000339328,,,,
924,0.169,0.000014139,,,,
924.1,0.031,0.000014139,,,,
925,0.039,0.000007069,,,,
931,0.178,0.000007069,,,,
937,0.019,0.000042416,,,,
938,0.121,0.000007069,,,,
939,0.022,0.000021208,,,,
940,0.202,0.000007069,,,,
942,0.048,0.000007069,,,,
944,0.137,0.000014139,,,,
944.1,0.14,0.000056555,,,,
946,0.166,0.000275704,,,,
948,0.024,0.000367605,,,,
950,0.092,0.000007069,,,,
950.1,0.115,0.000134317,,,,
954,0.018,0.000162595,,,,
955,0.021,0.000007069,,,,
956,0.099,0.000007069,,,,
957,0.189,0.000007069,,,,
957.1,0.078,0.000014139,,,,
958,0.091,0.000021208,,,,
959,0.059,0.000007069,,,,
960,0.056,0.000028277,,,,
960.1,0.097,0.000049485,,,,
961,0.09,0.000014139,,,,
965,0.059,0.000042416,,,,
966,0.041,0.000007069,,,,
966.1,0.143,0.000007069,,,,
967,0.134,0.000014139,,,,
968,0.055,0.000120179,,,,
968.1,0.055,0.000007069,,,,
969,0.11,0.000028277,,,,
969.1,0.089,0.000007069,,,,
972,0.1,0.000106040,,,,
973,0.151,0.000007069,,,,
973.1,0.032,0.000007069,,,,
974,0.021,0.000021208,,,,
977,0.208,0.000007069,,,,
979,0.115,0.000007069,,,,
980,0.087,0.000007069,,,,
982,0.309,0.000007069,,,,
984,0.135,0.000021208,,,,
986,0.25,0.000028277,,,,
988,0.323,0.000077763,,,,
997,0.373,0.000014139,,,,
999,0.129,0.000014139,,,,
999.1,0.183,0.000113109,,,,
1005,0.224,0.000007069,,,,
1006,0.059,0.000007069,,,,
1006.1,0.085,0.000007069,,,,
1007,0.141,0.000014139,,,,
1008,0.025,0.000007069,,,,
1008.1,0.019,0.000007069,,,,
1008.2,0.073,0.000007069,,,,
1009,0.313,0.000021208,,,,
1009.1,0.206,0.000007069,,,,
1009.2,0.081,0.000021208,,,,
1011,0.268,0.000007069,,,,
1011.1,0.201,0.000007069,,,,
1012,0.13,0.000007069,,,,
1012.1,0.34,0.000021208,,,,
1013,0.672,0.000049485,,,,
1014,0.019,0.000056555,,,,
1015,0.022,0.000014139,,,,
1020,0.221,0.000007069,,,,
1022,0.074,0.000014139,,,,
1024,0.156,0.000007069,,,,
1024.1,0.165,0.000007069,,,,
1025,0.066,0.000014139,,,,
1027,0.316,0.000014139,,,,
1029,0.069,0.000007069,,,,
1031,0.493,0.000028277,,,,
1032,0.077,0.000007069,,,,
1033,0.048,0.000007069,,,,
1034,0.616,0.000007069,,,,
1034.1,0.85,0.000021208,,,,
1035,0.15,0.000035347,,,,
1037,0.366,0.000007069,,,,
1037.1,0.66,0.000007069,,,,
1039,0.055,0.000007069,,,,
1039.1,0.059,0.000035347,,,,
1042,0.857,0.000007069,,,,
1042.1,0.718,0.000007069,,,,
1043,0.211,0.000014139,,,,
1044,0.431,0.000021208,,,,
1057,0.091,0.000007069,,,,
1057.1,0.09,0.000007069,,,,
1062,0.013,0.000134317,,,,
1063,0.546,0.000007069,,,,
1063.1,0.758,0.000014139,,,,
1064,0.424,0.000007069,,,,
1067,0.282,0.000007069,,,,
1073,0.038,0.000014139,,,,
1075,0.046,0.000007069,,,,
1075.1,0.033,0.000007069,,,,
1077,0.02,0.000007069,,,,
1077.1,0.183,0.000007069,,,,
1078,0.081,0.000021208,,,,
1082,0.582,0.000007069,,,,
1087,0.104,0.000021208,,,,
1087.1,0.087,0.000056555,,,,
1088,0.146,0.000007069,,,,
1090,0.335,0.000007069,,,,
1092,0.084,0.000007069,,,,
1096,0.189,0.000014139,,,,
1096.1,0.192,0.000063624,,,,
1096.2,0.204,0.000007069,,,,
1098,0.105,0.000007069,,,,
1098.1,0.105,0.000007069,,,,
1101,0.012,0.000007069,,,,
1111,0.219,0.000007069,,,,
1112,0.74,0.000007069,,,,
1113,0.029,0.000014139,,,,
1114,0.548,0.000007069,,,,
1116,0.394,0.000007069,,,,
1120,0.133,0.000014139,,,,
1124,0.121,0.000070693,,,,
1125,0.358,0.000007069,,,,
1128,0.355,0.000007069,,,,
1132,0.152,0.000007069,,,,
1133,0.026,0.000049485,,,,
1136,0.664,0.000007069,,,,
1138,0.354,0.000007069,,,,
1139,0.294,0.000007069,,,,
1139.1,0.295,0.004411266,,,,
1141,0.076,0.000007069,,,,
1143,0.155,0.000014139,,,,
1145,0.072,0.000007069,,,,
1146,0.032,0.000014139,,,,
1148,0.209,0.000007069,,,,
1149,0.364,0.000007069,,,,
1151,0.029,0.000014139,,,,
1152,0.294,0.000007069,,,,
1154,0.263,0.000007069,,,,
1155,0.066,0.000007069,,,,
1156,0.204,0.000007069,,,,
1157,0.057,0.000007069,,,,
1159,0.165,0.000007069,,,,
1161,0.256,0.000007069,,,,
1162,0.156,0.000014139,,,,
1163,0.696,0.000007069,,,,
1163.1,0.52,0.000007069,,,,
1166,0.116,0.000007069,,,,
1168,0.04,0.000007069,,,,
1168.1,0.084,0.000007069,,,,
1174,0.125,0.000106040,,,,
1181,0.398,0.000028277,,,,
1186,0.165,0.000091901,,,,
1187,0.084,0.000007069,,,,
1188,0.363,0.000007069,,,,
1190,0.226,0.000007069,,,,
1191,0.012,0.000056555,,,,
1192,0.215,0.000014139,,,,
1192.1,0.374,0.000007069,,,,
1196,0.286,0.000007069,,,,
1199,0.459,0.000007069,,,,
1199.1,0.303,0.000014139,,,,
1202,0.368,0.000007069,,,,
1204,0.239,0.000014139,,,,
1207,0.045,0.000021208,,,,
1210,0.03,0.000049485,,,,
1215,0.038,0.000014139,,,,
1222,0.699,0.000007069,,,,
1227,0.178,0.000007069,,,,
1227.1,0.176,0.000014139,,,,
1228,0.307,0.000021208,,,,
1228.1,0.235,0.000127248,,,,
1229,0.233,0.000007069,,,,
1229.1,0.026,0.000007069,,,,
1231,0.053,0.000127248,,,,
1231.1,0.112,0.000049485,,,,
1234,0.042,0.000007069,,,,
1235,0.576,0.000014139,,,,
1235.1,0.229,0.000007069,,,,
1236,0.095,0.000007069,,,,
1238,0.255,0.000219149,,,,
1239,0.162,0.000007069,,,,
1241,0.057,0.000007069,,,,
1241.1,0.052,0.000007069,,,,
1244,0.611,0.000282773,,,,
1245,0.225,0.000007069,,,,
1245.1,0.076,0.000028277,,,,
1248,0.428,0.000007069,,,,
1253,0.377,0.000007069,,,,
1254,0.031,0.000007069,,,,
1258,0.182,0.000021208,,,,
1258.1,0.195,0.000007069,,,,
1260,0.71,0.000014139,,,,
1260.1,0.316,0.000007069,,,,
1261,0.496,0.000007069,,,,
1261.1,0.624,0.000042416,,,,
1261.2,0.518,0.000035347,,,,
1262,0.256,0.000007069,,,,
1267,0.385,0.000007069,,,,
1273,0.27,0.000021208,,,,
1276,0.36,0.000007069,,,,
1280,0.117,0.000007069,,,,
1282,0.202,0.000007069,,,,
1284,0.297,0.000014139,,,,
1286,0.181,0.000007069,,,,
1288,0.374,0.000007069,,,,
1288.1,0.374,0.000007069,,,,
1294,0.208,0.000007069,,,,
1296,0.474,0.000028277,,,,
1296.1,0.586,0.000007069,,,,
1296.2,0.271,0.000014139,,,,
1296.3,0.271,0.000007069,,,,
1297,0.73,0.000049485,,,,
1300,0.037,0.000007069,,,,
1301,0.096,0.000007069,,,,
1303,0.104,0.000007069,,,,
1304,0.283,0.004397127,,,,
1306,0.082,0.000007069,,,,
1311,0.104,0.000007069,,,,
1312,0.475,0.000007069,,,,
1313,0.012,0.000014139,,,,
1315,0.109,0.000035347,,,,
1315.1,0.255,0.000007069,,,,
1317,0.742,0.000035347,,,,
1320,0.319,0.000007069,,,,
1325,0.553,0.000021208,,,,
1326,0.484,0.000014139,,,,
1327,0.39,0.000007069,,,,
1329,0.217,0.000007069,,,,
1334,0.669,0.000007069,,,,
1338,0.854,0.000007069,,,,
1339,0.585,0.000014139,,,,
1344,0.719,0.000014139,,,,
1344.1,0.802,0.000007069,,,,
1345,0.593,0.000007069,,,,
1348,0.848,0.000007069,,,,
1351,0.806,0.000028277,,,,
1351.1,0.772,0.000042416,,,,
1353,0.26,0.000035347,,,,
1355,0.191,0.000014139,,,,
1360,0.08,0.000007069,,,,
1362,0.141,0.000007069,,,,
1363,0.2,0.000007069,,,,
1364,0.169,0.000296912,,,,
1365,0.075,0.000395883,,,,
1366,0.077,0.000014139,,,,
1371,0.453,0.000007069,,,,
1372,0.808,0.000007069,,,,
1373,0.721,0.000028277,,,,
1378,0.115,0.000014139,,,,
1380,0.039,0.000021208,,,,
1381,0.32,0.000007069,,,,
1382,0.159,0.000014139,,,,
1383,0.372,0.000007069,,,,
1388,0.243,0.000014139,,,,
1389,0.198,0.000007069,,,,
1394,0.977,0.000091901,,,,
1397,0.946,0.000106040,,,,
1398,0.415,0.000014139,,,,
1398.1,0.632,0.000007069,,,,
1398.2,0.369,0.000007069,,,,
1398.3,0.417,0.000021208,,,,
1400,0.504,0.000007069,,,,
1402,0.388,0.000007069,,,,
1402.1,0.661,0.000014139,,,,
1403,0.155,0.001675433,,,,
1403.1,0.206,0.000021208,,,,
1405,0.739,0.000007069,,,,
1409,0.906,0.000007069,,,,
1410,0.63,0.000007069,,,,
1410.1,0.466,0.000014139,,,,
1412,0.597,0.000028277,,,,
1414,0.691,0.000007069,,,,
1419,0.772,0.000353467,,,,
1420,0.786,0.000282773,,,,
1428,0.199,0.000014139,,,,
1431,0.168,0.000007069,,,,
1439,0.371,0.000007069,,,,
1441,0.727,0.000035347,,,,
1441.1,0.705,0.161357595,,,,
1441.2,0.635,0.000035347,,,,
1442,0.543,0.000007069,,,,
1442.1,0.374,0.000007069,,,,
1443,0.219,0.000014139,,,,
1443.1,0.495,0.000007069,,,,
1444,0.554,0.000007069,,,,
1446,0.832,0.000007069,,,,
1447,0.948,0.000007069,,,,
1449,0.259,0.000007069,,,,
1450,0.19,0.000000000,,,,
1451,0.894,0.000014139,,,,
1459,0.474,0.000007069,,,,
1459.1,0.675,0.000007069,,,,
1461,0.339,0.000007069,,,,
1462,0.516,0.000007069,,,,
1462.1,0.191,0.000007069,,,,
1462.2,0.181,0.000007069,,,,
1464,0.209,0.000021208,,,,
1466,0.148,0.000007069,,,,
1471,0.187,0.000007069,,,,
1472,0.593,0.000007069,,,,
1477,0.492,0.000007069,,,,
1477.1,0.261,0.000014139,,,,
1478,0.772,0.000014139,,,,
1480,0.651,0.000028277,,,,
1483,0.303,0.000021208,,,,
1487,0.398,0.000367605,,,,
1492,0.584,0.000007069,,,,
1493,0.608,0.000007069,,,,
1493.1,0.704,0.000077763,,,,
1496,0.224,0.000014139,,,,
1501,0.628,0.000014139,,,,
1504,0.494,0.000014139,,,,
1505,0.079,0.000007069,,,,
1508,0.522,0.000014139,,,,
1512,0.612,0.000035347,,,,
1514,0.1,0.000014139,,,,
1514.1,0.415,0.000007069,,,,
1518,0.56,0.000007069,,,,
1520,0.712,0.000007069,,,,
1524,0.834,0.000007069,,,,
1527,0.869,0.000014139,,,,
1527.1,0.607,0.000014139,,,,
1528,0.094,0.000007069,,,,
1531,0.451,0.000007069,,,,
1533,0.291,0.000021208,,,,
1534,0.057,0.000007069,,,,
1535,0.7,0.000007069,,,,
1536,0.083,0.000028277,,,,
1538,0.573,0.000014139,,,,
1538.1,0.502,0.000007069,,,,
1538.2,0.523,0.000035347,,,,
1539,0.202,0.000014139,,,,
1540,0.336,0.000007069,,,,
1542,0.228,0.000021208,,,,
1543,0.086,0.000014139,,,,
1545,0.418,0.008207499,,,,
1547,0.293,0.000007069,,,,
1549,0.168,0.000014139,,,,
1550,0.086,0.000007069,,,,
1552,0.057,0.000021208,,,,
1554,0.079,0.000007069,,,,
1557,0.359,0.000007069,,,,
1559,0.452,0.000007069,,,,
1560,0.121,0.000014139,,,,
1561,0.203,0.000007069,,,,
1562,0.811,0.000014139,,,,
1563,0.268,0.000028277,,,,
1563.1,0.141,0.000212080,,,,
1567,0.12,0.000106040,,,,
1571,0.655,0.000042416,,,,
1571.1,0.323,0.000014139,,,,
1574,0.559,0.000021208,,,,
1575,0.813,0.000007069,,,,
1576,0.93,0.063581608,,,,
1579,0.244,0.000106040,,,,
1580,0.931,0.000007069,,,,
1581,0.815,0.000028277,,,,
1591,0.635,0.000007069,,,,
1593,0.165,0.000028277,,,,
1594,0.541,0.000021208,,,,
1597,0.782,0.000007069,,,,
1599,0.29,0.000007069,,,,
1604,0.79,0.000007069,,,,
1607,0.072,0.000014139,,,,
1609,0.246,0.000014139,,,,
1611,0.812,0.000007069,,,,
1612,0.587,0.000007069,,,,
1612.1,0.604,0.000021208,,,,
1613,0.099,0.000007069,,,,
1615,0.209,0.000007069,,,,
1616,0.201,0.000014139,,,,
1618,0.127,0.000007069,,,,
1618.1,0.106,0.000007069,,,,
1619,0.08,0.000007069,,,,
1620,0.316,0.000007069,,,,
1621,0.138,0.000007069,,,,
1621.1,0.038,0.000021208,,,,
1622,0.432,0.000007069,,,,
1627,0.043,0.000007069,,,,
1627.1,0.129,0.000007069,,,,
1628,0.451,0.000007069,,,,
1628.1,0.506,0.000007069,,,,
1628.2,0.546,0.000007069,,,,
1628.3,0.481,0.000007069,,,,
1632,0.323,0.000021208,,,,
1638,0.228,0.000007069,,,,
1638.1,0.297,0.000007069,,,,
1639,0.126,0.000007069,,,,
1639.1,0.067,0.000007069,,,,
1640,0.059,0.000021208,,,,
1645,0.612,0.000049485,,,,
1646,0.184,0.000014139,,,,
1647,0.086,0.000113109,,,,
1648,0.629,0.000014139,,,,
1649,0.688,0.000007069,,,,
1660,0.84,0.000042416,,,,
1661,0.496,0.000042416,,,,
1661.1,0.661,0.000007069,,,,
1661.2,0.726,0.000014139,,,,
1662,0.085,0.000014139,,,,
1662.1,0.159,0.000148456,,,,
1663,0.465,0.000296912,,,,
1664,0.425,0.003760887,,,,
1665,0.216,0.000014139,,,,
1666,0.121,0.000049485,,,,
1666.1,0.294,0.000007069,,,,
1667,0.374,0.000049485,,,,
1673,0.681,0.000007069,,,,
1675,0.108,0.000042416,,,,
1677,0.625,0.000007069,,,,
1677.1,0.386,0.000028277,,,,
1677.2,0.386,0.018323719,,,,
1687,0.339,0.495772537,,,,
1690,0.297,0.000205011,,,,
1693,0.723,0.000007069,,,,
1698,0.629,0.000007069,,,,
1702,0.372,0.000056555,,,,
1702.1,0.556,0.000007069,,,,
1705,0.703,0.000007069,,,,
1707,0.726,0.000007069,,,,
1710,0.083,0.000007069,,,,
1714,0.527,0.000127248,,,,
1720,0.186,0.000021208,,,,
1723,0.619,0.000007069,,,,
1724,0.269,0.000049485,,,,
1725,0.301,0.000021208,,,,
1725.1,0.095,0.000007069,,,,
1727,0.068,0.000007069,,,,
1728,0.673,0.000007069,,,,
1728.1,0.681,0.000007069,,,,
1728.2,0.721,0.000007069,,,,
1728.3,0.763,0.000007069,,,,
1729,0.529,0.000007069,,,,
1732,0.288,0.000007069,,,,
1735,0.549,0.000014139,,,,
1735.1,0.795,0.000014139,,,,
1736,0.102,0.000021208,,,,
1740,0.583,0.000035347,,,,
1741,0.103,0.000014139,,,,
1741.1,0.13,0.000007069,,,,
1744,0.541,0.000233288,,,,
1745,0.483,0.000084832,,,,
1745.1,0.103,0.000007069,,,,
1746,0.546,0.000007069,,,,
1747,0.275,0.000007069,,,,
1749,0.398,0.000021208,,,,
1751,0.175,0.000063624,,,,
1752,0.525,0.000007069,,,,
1753,0.157,0.000007069,,,,
1756,0.531,0.000028277,,,,
1756.1,0.082,0.000021208,,,,
1757,0.046,0.000063624,,,,
1759,0.087,0.000021208,,,,
1761,0.223,0.000021208,,,,
1762,0.392,0.000007069,,,,
1766,0.603,0.000007069,,,,
1774,0.224,0.000007069,,,,
1775,0.279,0.000007069,,,,
1776,0.205,0.000007069,,,,
1777,0.808,0.000007069,,,,
1779,0.198,0.000007069,,,,
1781,0.547,0.000007069,,,,
1784,0.804,0.000007069,,,,
1786,0.73,0.000007069,,,,
1787,0.66,0.000007069,,,,
1788,0.189,0.000007069,,,,
1788.1,0.464,0.000007069,,,,
1789,0.406,0.000007069,,,,
1791,0.884,0.000014139,,,,
1795,0.638,0.000042416,,,,
1797,0.095,0.000007069,,,,
1799,0.552,0.000028277,,,,
1803,0.153,0.000014139,,,,
1806,0.223,0.000014139,,,,
1807,0.734,0.000014139,,,,
1809,0.387,0.000014139,,,,
1812,0.246,0.000028277,,,,
1812.1,0.228,0.000007069,,,,
1817,0.1,0.000014139,,,,
1818,0.297,0.000007069,,,,
1820,0.192,0.000007069,,,,
1822,0.293,0.000007069,,,,
1822.1,0.263,0.000007069,,,,
1823,0.188,0.000007069,,,,
1825,0.117,0.000007069,,,,
1830,0.73,0.000035347,,,,
1838,0.304,0.000014139,,,,
1847,0.049,0.000035347,,,,
1852,0.173,0.000007069,,,,
1854,0.132,0.000007069,,,,
1855,0.196,0.000042416,,,,
1856,0.379,0.000007069,,,,
1866,0.288,0.000007069,,,,
1869,0.514,0.000007069,,,,
1869.1,0.142,0.000077763,,,,
1872,0.081,0.000014139,,,,
1874,0.125,0.000042416,,,,
1882,0.353,0.000084832,,,,
1883,0.248,0.000007069,,,,
1885,0.793,0.000007069,,,,
1894,0.982,0.000007069,,,,
1895,0.92,0.000007069,,,,
1895.1,0.804,0.000049485,,,,
1897,0.241,0.000226219,,,,
1905,0.814,0.000007069,,,,
1905.1,0.832,0.000007069,,,,
1912,0.106,0.000007069,,,,
1912.1,0.188,0.000007069,,,,
1930,0.882,0.000021208,,,,
1933,0.047,0.000077763,,,,
1937,0.916,0.000007069,,,,
1941,0.24,0.000007069,,,,
1943,0.524,0.000007069,,,,
1943.1,0.206,0.000007069,,,,
1944,0.397,0.000650379,,,,
1950,0.866,0.000007069,,,,
1951,0.24,0.000077763,,,,
1952,0.242,0.000007069,,,,
1953,0.973,0.000007069,,,,
1953.1,0.96,0.000014139,,,,
1953.2,0.941,0.000007069,,,,
1953.3,0.984,0.000007069,,,,
1957,0.714,0.000007069,,,,
1957.1,0.326,0.000014139,,,,
1957.2,0.679,0.000007069,,,,
1961,0.291,0.000007069,,,,
1963,0.068,0.000098971,,,,
1966,0.412,0.000014139,,,,
1972,0.532,0.000007069,,,,
1973,0.217,0.000007069,,,,
1978,0.77,0.000007069,,,,
1978.1,0.518,0.000007069,,,,
1984,0.698,0.000007069,,,,
1987,0.809,0.000007069,,,,
1993,0.924,0.000254496,,,,
1999,0.862,0.000049485,,,,
2004,0.291,0.000042416,,,,
2008,0.522,0.000007069,,,,
2012,0.664,0.000007069,,,,
2019,0.97,0.000014139,,,,
2029,0.142,0.000007069,,,,
2033,0.544,0.000007069,,,,
2036,0.715,0.000007069,,,,
2039,0.805,0.000007069,,,,
2044,0.288,0.000007069,,,,
2045,0.341,0.000028277,,,,
2049,0.191,0.000056555,,,,
2054,0.923,0.000148456,,,,
2055,0.979,0.000014139,,,,
2059,0.952,0.000084832,,,,
2064,0.917,0.000007069,,,,
2069,0.06,0.000014139,,,,
2069.1,0.089,0.000007069,,,,
2071,0.164,0.000007069,,,,
2071.1,0.079,0.000007069,,,,
2073,0.551,0.000007069,,,,
2079,0.578,0.000007069,,,,
2080,0.739,0.000007069,,,,
2081,0.138,0.000021208,,,,
2081.1,0.338,0.000014139,,,,
2081.2,0.347,0.000007069,,,,
2082,0.789,0.000063624,,,,
2082.1,0.712,0.000968499,,,,
2083,0.913,0.000007069,,,,
2083.1,0.585,0.000007069,,,,
2084,0.249,0.000007069,,,,
2086,0.274,0.000021208,,,,
2088,0.272,0.000014139,,,,
2090,0.453,0.000007069,,,,
2094,0.432,0.000007069,,,,
2095,0.386,0.000007069,,,,
2106,0.099,0.000007069,,,,
2106.1,0.041,0.000014139,,,,
2106.2,0.212,0.000007069,,,,
2110,0.691,0.000007069,,,,
2118,0.355,0.000007069,,,,
2128,0.941,0.000007069,,,,
2131,0.407,0.000063624,,,,
2133,0.085,0.000007069,,,,
2136,0.627,0.000007069,,,,
2141,0.163,0.000007069,,,,
2141.1,0.342,0.032837066,,,,
2142.2,0.541,0.000007069,,,,
2142.3,0.157,0.000021208,,,,
2143,0.112,0.000007069,,,,
2143.1,0.277,0.000028277,,,,
2145,0.073,0.000007069,,,,
2150,0.153,0.000007069,,,,
2151,0.082,0.000007069,,,,
2151.1,0.171,0.000007069,,,,
2151.2,0.092,0.000007069,,,,
2154,0.573,0.000007069,,,,
2154.1,0.615,0.000014139,,,,
2155,0.117,0.000007069,,,,
2155.1,0.298,0.000007069,,,,
2155.2,0.117,0.000007069,,,,
2158,0.122,0.000007069,,,,
2159,0.05,0.000007069,,,,
2162,0.095,0.000028277,,,,
2165,0.097,0.000014139,,,,
2166,0.079,0.000007069,,,,
2168,0.762,0.000007069,,,,
2173,0.084,0.000007069,,,,
2175,0.307,0.000007069,,,,
2175.1,0.092,0.000014139,,,,
2175.2,0.07,0.000028277,,,,
2180,0.139,0.000028277,,,,
2183,0.371,0.000042416,,,,
2185,0.104,0.000106040,,,,
2188,0.057,0.000007069,,,,
2188.2,0.053,0.000014139,,,,
2189,0.093,0.000014139,,,,
2189.2,0.394,0.000028277,,,,
2190,0.132,0.000014139,,,,
2192,0.337,0.000014139,,,,
2193,0.168,0.000014139,,,,
2199,0.094,0.000007069,,,,
2199.1,0.142,0.000014139,,,,
2206,0.085,0.000014139,,,,
2206.1,0.083,0.000021208,,,,
2216,0.104,0.000007069,,,,
2217,0.059,0.000021208,,,,
2220,0.13,0.000007069,,,,
2221,0.248,0.000007069,,,,
2225,0.054,0.000014139,,,,
2227,0.099,0.000007069,,,,
2228,0.026,0.000042416,,,,
2230,0.049,0.000014139,,,,
2234,0.026,0.000007069,,,,
2235,0.071,0.000007069,,,,
2235.1,0.057,0.000007069,,,,
2236,0.383,0.000007069,,,,
2239,0.046,0.000021208,,,,
2239.1,0.061,0.000014139,,,,
2241,0.172,0.000021208,,,,
2243,0.364,0.000699864,,,,
2245,0.177,0.000007069,,,,
2251,0.061,0.000021208,,,,
2255,0.339,0.000007069,,,,
2257,0.079,0.000183803,,,,
2257.1,0.079,0.000007069,,,,
2261,0.022,0.000007069,,,,
2261.1,0.029,0.000007069,,,,
2266,0.52,0.000007069,,,,
2267,0.169,0.000007069,,,,
2268,0.193,0.000014139,,,,
2268.1,0.213,0.000014139,,,,
2269,0.065,0.000007069,,,,
2277,0.138,0.000007069,,,,
2279,0.063,0.000007069,,,,
2289,0.262,0.000007069,,,,
2290,0.104,0.000106040,,,,
2293,0.243,0.000014139,,,,
2296,0.059,0.000007069,,,,
2301,0.166,0.000007069,,,,
2303,0.13,0.000007069,,,,
2308,0.022,0.000014139,,,,
2310,0.039,0.000007069,,,,
2310.1,0.046,0.000007069,,,,
2315,0.033,0.000007069,,,,
2320,0.43,0.000014139,,,,
2322,0.098,0.000056555,,,,
2323,0.098,0.000120179,,,,
2323.1,0.132,0.000007069,,,,
2324,0.064,0.000028277,,,,
2325,0.211,0.000021208,,,,
2328,0.042,0.000035347,,,,
2329,0.153,0.000007069,,,,
2333,0.376,0.000007069,,,,
2335,0.152,0.000028277,,,,
2336,0.244,0.000007069,,,,
2340,0.224,0.000007069,,,,
2341,0.058,0.000007069,,,,
2346,0.098,0.000028277,,,,
2346.1,0.126,0.000007069,,,,
2347,0.026,0.000014139,,,,
2347.1,0.01,0.000014139,,,,
2355,0.136,0.000007069,,,,
2355.1,0.048,0.000035347,,,,
2356,0.154,0.000042416,,,,
2357,0.037,0.000007069,,,,
2357.1,0.126,0.000084832,,,,
2361,0.076,0.000120179,,,,
2363,0.026,0.000021208,,,,
2369,0.095,0.000007069,,,,
2372,0.017,0.000007069,,,,
2375,0.163,0.000014139,,,,
2376,0.368,0.000007069,,,,
2382,0.169,0.000021208,,,,
2383,0.063,0.000035347,,,,
2385,0.044,0.000007069,,,,
2385.1,0.095,0.000014139,,,,
2387,0.368,0.000007069,,,,
2389,0.467,0.000014139,,,,
2390,0.205,0.000007069,,,,
2390.1,0.165,0.000014139,,,,
2391,0.11,0.000219149,,,,
2394,0.135,0.000120179,,,,
2394.1,0.223,0.000007069,,,,
2396,0.05,0.000014139,,,,
2397,0.052,0.000007069,,,,
2397.1,0.098,0.000007069,,,,
2397.2,0.072,0.000007069,,,,
2400,0.071,0.000353467,,,,
2404,0.146,0.000014139,,,,
2405,0.102,0.000063624,,,,
2406,0.282,0.000014139,,,,
2408,0.053,0.000007069,,,,
2411,0.15,0.000007069,,,,
2417,0.096,0.000014139,,,,
2417.1,0.142,0.000007069,,,,
2423,0.094,0.000014139,,,,
2425,0.217,0.000007069,,,,
2427,0.038,0.000007069,,,,
2427.1,0.361,0.003301380,,,,
2433,0.258,0.000007069,,,,
2434,0.178,0.000014139,,,,
2434.1,0.08,0.000014139,,,,
2439,0.135,0.000049485,,,,
2442,0.142,0.000007069,,,,
2442.1,0.145,0.000120179,,,,
2443,0.155,0.000014139,,,,
2443.1,0.198,0.000007069,,,,
2446,0.097,0.000063624,,,,
2446.1,0.077,0.000007069,,,,
2448,0.274,0.000000000,,,,
2454,0.256,0.000007069,,,,
2455,0.368,0.000007069,,,,
2456,0.451,0.000014139,,,,
2456.1,0.224,0.000014139,,,,
2458,0.167,0.000007069,,,,
2458.1,0.123,0.000042416,,,,
2458.2,0.123,0.000007069,,,,
2461,0.567,0.000007069,,,,
2461.1,0.354,0.000007069,,,,
2461.2,0.208,0.000007069,,,,
2466,0.311,0.000007069,,,,
2467,0.192,0.000007069,,,,
2469,0.118,0.000007069,,,,
2470,0.253,0.000007069,,,,
2475,0.259,0.000007069,,,,
2477,0.099,0.000021208,,,,
2477.1,0.041,0.000056555,,,,
2477.2,0.076,0.000042416,,,,
2478,0.271,0.000007069,,,,
2482,0.069,0.000028277,,,,
2485,0.059,0.000007069,,,,
2486,0.062,0.000007069,,,,
2489,0.034,0.000021208,,,,
2489.1,0.104,0.000014139,,,,
2489.2,0.308,0.000035347,,,,
2491,0.335,0.000007069,,,,
2492,0.373,0.000007069,,,,
2492.1,0.177,0.000007069,,,,
2495,0.022,0.000021208,,,,
2496,0.682,0.000007069,,,,
2496.1,0.589,0.000007069,,,,
2499,0.149,0.000007069,,,,
2499.1,0.29,0.000007069,,,,
2501,0.334,0.000007069,,,,
2501.1,0.566,0.000091901,,,,
2503,0.634,0.000007069,,,,
2505,0.05,0.000007069,,,,
2511,0.198,0.000007069,,,,
2511.1,0.342,0.000007069,,,,
2511.2,0.271,0.000007069,,,,
2512,0.413,0.002403574,,,,
2514,0.651,0.000190872,,,,
2515,0.051,0.000007069,,,,
2515.1,0.055,0.000007069,,,,
2518,0.3,0.000007069,,,,
2523,0.094,0.000007069,,,,
2524,0.064,0.000007069,,,,
2524.1,0.09,0.000021208,,,,
2525,0.193,0.000014139,,,,
2526,0.152,0.000007069,,,,
,,0.000007069,,,,
,,0.000007069,,,,
,,0.000007069,,,,
,,0.002021830,,,,
,,0.000007069,,,,
,,0.000007069,,,,
,,0.000007069,,,,
,,0.000007069,,,,
,,0.000007069,,,,
,,0.000007069,,,,
,,0.000007069,,,,
,,0.000007069,,,,
,,0.000007069,,,,
,,0.000021208,,,,
,,0.000007069,,,,
,,0.000007069,,,,
,,0.000007069,,,,
,,0.000021208,,,,
,,0.000007069,,,,
,,0.000007069,,,,
,,0.000035347,,,,
,,0.000070693,,,,
,,0.000014139,,,,
,,0.000098971,,,,
,,0.000021208,,,,